ds,edit_type,text_id,edit_id
bea,PRON,2,42
bea,PRON,7,136
bea,PRON,8,173
bea,PRON,15,368
bea,PRON,21,571
bea,PRON,21,573
bea,PRON,21,590
bea,PRON,27,720
bea,PRON,32,814
bea,PRON,32,816
bea,PRON,32,825
bea,PRON,37,885
bea,PRON,45,1034
bea,PRON,59,1314
bea,PRON,63,1384
bea,PRON,64,1409
bea,PRON,65,1436
bea,PRON,65,1437
bea,PRON,65,1440
bea,PRON,65,1441
bea,PRON,72,1606
bea,PRON,76,1740
bea,PRON,77,1759
bea,PRON,82,1867
bea,PRON,85,1915
bea,PRON,85,1918
bea,PRON,87,2000
bea,PRON,88,2034
bea,PRON,89,2079
bea,PRON,98,2275
bea,PRON,102,2373
bea,PRON,108,2540
bea,PRON,109,2603
bea,PRON,112,2643
bea,PRON,117,2729
bea,PRON,124,2905
bea,PRON,139,3189
bea,PRON,146,3357
bea,PRON,151,3488
bea,PRON,154,3614
bea,PRON,155,3683
bea,PRON,160,3871
bea,PRON,165,4000
bea,PRON,166,4027
bea,PRON,176,4274
bea,PRON,178,4305
bea,PRON,182,4391
bea,PRON,188,4516
bea,PRON,189,4531
bea,PRON,190,4551
bea,PRON,190,4564
bea,PRON,193,4606
bea,PRON,193,4609
bea,PRON,193,4622
bea,PRON,199,4731
bea,PRON,200,4758
bea,PRON,203,4862
bea,PRON,205,4901
bea,PRON,207,4934
bea,PRON,207,4952
bea,PRON,209,5009
bea,PRON,211,5059
bea,PRON,214,5175
bea,PRON,220,5363
bea,PRON,220,5367
bea,PRON,231,5541
bea,PRON,235,5596
bea,PRON,237,5632
bea,PRON,238,5722
bea,PRON,238,5727
bea,PRON,259,5999
bea,PRON,260,6033
bea,PRON,272,6181
bea,PRON,282,6364
bea,PRON,283,6383
bea,PRON,283,6396
bea,PRON,287,6464
bea,PRON,302,6710
bea,PRON,313,6918
bea,PRON,322,7092
bea,PRON,331,7273
bea,PRON,332,7290
bea,PRON,349,7604
conll,PRON,9,9
conll,PRON,34,39
conll,PRON,34,41
conll,PRON,58,73
conll,PRON,61,79
conll,PRON,109,149
conll,PRON,109,151
conll,PRON,125,168
conll,PRON,136,180
conll,PRON,212,260
conll,PRON,242,291
fce,PRON,10,218
fce,PRON,14,299
fce,PRON,15,309
fce,PRON,18,385
fce,PRON,25,494
fce,PRON,30,618
fce,PRON,33,705
fce,PRON,34,727
fce,PRON,35,740
fce,PRON,35,744
fce,PRON,37,789
fce,PRON,37,796
fce,PRON,40,847
fce,PRON,41,866
fce,PRON,43,927
fce,PRON,43,929
fce,PRON,45,979
fce,PRON,46,1007
fce,PRON,47,1015
fce,PRON,49,1059
fce,PRON,51,1091
fce,PRON,51,1095
fce,PRON,52,1103
fce,PRON,53,1137
fce,PRON,53,1141
fce,PRON,53,1143
fce,PRON,61,1338
fce,PRON,63,1382
fce,PRON,63,1390
fce,PRON,63,1404
fce,PRON,64,1418
fce,PRON,65,1437
fce,PRON,65,1446
fce,PRON,65,1458
fce,PRON,65,1464
fce,PRON,70,1530
fce,PRON,72,1568
fce,PRON,73,1584
fce,PRON,75,1618
fce,PRON,81,1732
fce,PRON,81,1737
fce,PRON,81,1745
fce,PRON,84,1816
fce,PRON,85,1855
fce,PRON,87,1909
fce,PRON,93,2049
fce,PRON,99,2195
fce,PRON,101,2249
fce,PRON,111,2500
fce,PRON,113,2537
fce,PRON,114,2544
fce,PRON,116,2666
fce,PRON,117,2680
fce,PRON,120,2779
fce,PRON,124,2898
fce,PRON,126,2994
fce,PRON,127,3087
fce,PRON,127,3134
fce,PRON,130,3242
fce,PRON,131,3260
fce,PRON,135,3331
fce,PRON,135,3337
fce,PRON,141,3498
fce,PRON,141,3515
fce,PRON,147,3655
fce,PRON,154,3736
fce,PRON,159,3811
fce,PRON,163,3924
fce,PRON,163,3925
fce,PRON,165,3951
fce,PRON,167,3989
fce,PRON,171,4081
fce,PRON,171,4100
fce,PRON,171,4103
fce,PRON,172,4110
fce,PRON,175,4174
fce,PRON,179,4278
fce,PRON,181,4318
fce,PRON,192,4596
realec,PRON,52,1112
realec,PRON,75,1888
realec,PRON,90,2281
realec,PRON,91,2317
realec,PRON,92,2328
realec,PRON,98,2503
realec,PRON,108,2831
realec,PRON,124,3309
realec,PRON,124,3311
realec,PRON,128,3466
realec,PRON,128,3470
realec,PRON,151,4332
realec,PRON,153,4412
realec,PRON,161,4735
realec,PRON,161,4737
realec,PRON,161,4739
realec,PRON,162,4792
realec,PRON,163,4876
realec,PRON,189,5682
realec,PRON,195,5850
realec,PRON,197,5933
realec,PRON,217,6608
realec,PRON,226,6843
realec,PRON,226,6849
realec,PRON,227,6852
realec,PRON,227,6855
realec,PRON,231,6963
realec,PRON,242,7223
realec,PRON,243,7231
realec,PRON,255,7592
realec,PRON,267,7888
realec,PRON,269,7928
realec,PRON,277,8212
realec,PRON,287,8437
realec,PRON,338,9279
realec,PRON,349,9463
realec,PRON,360,9710
realec,PRON,369,9856
realec,PRON,375,9946
realec,PRON,384,10087
realec,PRON,385,10107
realec,PRON,392,10256
realec,PRON,401,10440
realec,PRON,401,10456
realec,PRON,401,10458
realec,PRON,401,10464
realec,PRON,403,10506
realec,PRON,429,10983
realec,PRON,439,11177
realec,PRON,457,11594
realec,PRON,461,11690
realec,PRON,462,11727
realec,PRON,490,12330
realec,PRON,501,12591
realec,PRON,505,12714
realec,PRON,511,12842
realec,PRON,529,13258
realec,PRON,531,13364
realec,PRON,538,13608
realec,PRON,549,14036
realec,PRON,552,14242
realec,PRON,565,14737
realec,PRON,565,14750
realec,PRON,567,14815
realec,PRON,573,15002
realec,PRON,590,15478
realec,PRON,595,15679
realec,PRON,620,16592
realec,PRON,639,17304
realec,PRON,645,17633
realec,PRON,665,18178
realec,PRON,708,19478
realec,PRON,717,19688
realec,PRON,743,20057
realec,PRON,763,20313
realec,PRON,772,20478
realec,PRON,774,20541
realec,PRON,778,20602
realec,PRON,789,20766
realec,PRON,849,21281
realec,PRON,849,21282
realec,PRON,890,22246
realec,PRON,898,22395
realec,PRON,901,22416
realec,PRON,903,22463
realec,PRON,1020,23273
realec,PRON,1035,23454
realec,PRON,1047,23640
realec,PRON,1047,23641
realec,PRON,1050,23691
realec,PRON,1077,24184
realec,PRON,1078,24197
realec,PRON,1083,24314
realec,PRON,1159,25581
realec,PRON,1182,26033
realec,PRON,1184,26074
realec,PRON,1206,26426
realec,PRON,1208,26481
realec,PRON,1208,26482
realec,PRON,1210,26546
realec,PRON,1210,26569
realec,PRON,1232,26858
realec,PRON,1235,26986
realec,PRON,1235,26994
realec,PRON,1236,27030
realec,PRON,1291,27719
realec,PRON,1307,27968
realec,PRON,1313,28085
realec,PRON,1313,28099
realec,PRON,1313,28103
realec,PRON,1319,28216
realec,PRON,1322,28317
realec,PRON,1324,28350
realec,PRON,1351,28942
realec,PRON,1391,29967
realec,PRON,1398,30169
realec,PRON,1407,30464
realec,PRON,1439,31090
realec,PRON,1461,31402
realec,PRON,1486,31694
realec,PRON,1487,31726
realec,PRON,1491,31791
realec,PRON,1497,31900
realec,PRON,1503,32009
realec,PRON,1510,32149
realec,PRON,1510,32165
realec,PRON,1512,32209
realec,PRON,1512,32210
realec,PRON,1520,32426
realec,PRON,1568,33741
realec,PRON,1572,33866
realec,PRON,1576,33951
realec,PRON,1600,34349
realec,PRON,1602,34421
realec,PRON,1604,34447
realec,PRON,1612,34715
realec,PRON,1622,34986
realec,PRON,1622,34987
realec,PRON,1630,35139
realec,PRON,1630,35153
realec,PRON,1640,35329
realec,PRON,1642,35376
realec,PRON,1642,35377
realec,PRON,1656,35605
realec,PRON,1658,35658
realec,PRON,1660,35680
realec,PRON,1666,35818
realec,PRON,1666,35824
realec,PRON,1667,35836
realec,PRON,1668,35897
realec,PRON,1672,36021
realec,PRON,1691,36460
realec,PRON,1693,36496
realec,PRON,1695,36538
realec,PRON,1711,36999
realec,PRON,1711,37026
realec,PRON,1717,37168
realec,PRON,1795,38308
realec,PRON,1812,38550
realec,PRON,1823,38729
realec,PRON,1823,38730
realec,PRON,1881,39365
realec,PRON,1896,39595
realec,PRON,1896,39596
realec,PRON,1919,39821
realec,PRON,1928,39953
realec,PRON,1933,40044
realec,PRON,1973,40518
realec,PRON,1975,40534
realec,PRON,1997,40711
realec,PRON,2011,40895
realec,PRON,2026,41030
realec,PRON,2045,41204
realec,PRON,2048,41213
realec,PRON,2225,42500
realec,PRON,2448,44025
realec,PRON,2475,44394
realec,PRON,2490,44566
realec,PRON,2517,44984
realec,PRON,2539,45263
realec,PRON,2542,45406
realec,PRON,2546,45542
realec,PRON,2584,46693
realec,PRON,2584,46694
realec,PRON,2588,46842
realec,PRON,2594,46961
realec,PRON,2594,46984
realec,PRON,2622,47622
realec,PRON,2631,47955
realec,PRON,2650,48394
realec,PRON,2660,48762
realec,PRON,2661,48769
realec,PRON,2733,49733
realec,PRON,2757,50158
realec,PRON,2766,50414
realec,PRON,2771,50506
realec,PRON,2780,50717
realec,PRON,2782,50804
realec,PRON,2785,50924
realec,PRON,2801,51246
realec,PRON,2801,51261
realec,PRON,2818,51628
realec,PRON,2818,51664
realec,PRON,2834,52051
realec,PRON,2867,52773
realec,PRON,2954,54066
realec,PRON,2958,54156
realec,PRON,2992,54706
realec,PRON,2994,54724
realec,PRON,2994,54739
realec,PRON,2994,54744
realec,PRON,3006,54999
realec,PRON,3028,55329
realec,PRON,3043,55639
realec,PRON,3043,55652
realec,PRON,3062,55894
realec,PRON,3062,55922
realec,PRON,3063,55958
realec,PRON,3063,55965
realec,PRON,3065,56026
realec,PRON,3110,56935
realec,PRON,3113,57004
realec,PRON,3118,57078
realec,PRON,3121,57111
realec,PRON,3122,57127
realec,PRON,3151,57476
realec,PRON,3157,57713
realec,PRON,3170,58024
realec,PRON,3173,58134
realec,PRON,3175,58221
realec,PRON,3201,58756
realec,PRON,3201,58759
realec,PRON,3201,58766
realec,PRON,3202,58788
realec,PRON,3209,58992
realec,PRON,3216,59181
realec,PRON,3228,59420
realec,PRON,3248,59911
realec,PRON,3258,60121
realec,PRON,3262,60257
realec,PRON,3274,60632
realec,PRON,3278,60708
realec,PRON,3278,60712
realec,PRON,3280,60732
realec,PRON,3284,60841
realec,PRON,3286,60861
realec,PRON,3286,60870
realec,PRON,3286,60871
realec,PRON,3292,61028
realec,PRON,3294,61134
realec,PRON,3304,61468
realec,PRON,3322,61944
realec,PRON,3330,62209
realec,PRON,3332,62293
realec,PRON,3338,62495
realec,PRON,3358,63023
realec,PRON,3358,63028
realec,PRON,3372,63520
realec,PRON,3428,64927
realec,PRON,3433,65181
realec,PRON,3437,65326
realec,PRON,3441,65497
realec,PRON,3458,65833
realec,PRON,3459,65865
realec,PRON,3478,66327
realec,PRON,3489,66545
realec,PRON,3492,66612
realec,PRON,3493,66636
realec,PRON,3494,66650
realec,PRON,3522,67367
realec,PRON,3523,67399
realec,PRON,3528,67565
realec,PRON,3537,67779
realec,PRON,3555,68041
realec,PRON,3575,68461
realec,PRON,3609,69259
realec,PRON,3611,69287
realec,PRON,3613,69359
realec,PRON,3621,69604
realec,PRON,3634,69989
realec,PRON,3644,70150
realec,PRON,3655,70342
realec,PRON,3664,70521
realec,PRON,3669,70593
realec,PRON,3669,70594
realec,PRON,3671,70641
realec,PRON,3671,70650
realec,PRON,3694,70941
realec,PRON,3712,71254
realec,PRON,3718,71381
realec,PRON,3736,71766
realec,PRON,3746,71949
realec,PRON,3746,71952
realec,PRON,3746,71956
realec,PRON,3757,72310
realec,PRON,3786,72876
realec,PRON,3788,72933
realec,PRON,3790,72969
realec,PRON,3806,73229
realec,PRON,3808,73262
realec,PRON,3808,73271
realec,PRON,3820,73489
realec,PRON,3822,73519
realec,PRON,3840,73841
realec,PRON,3841,73873
realec,PRON,3842,73891
realec,PRON,3863,74292
realec,PRON,3868,74483
realec,PRON,3877,74553
realec,PRON,3894,75022
realec,PRON,3911,75443
realec,PRON,3919,75628
realec,PRON,3919,75637
realec,PRON,3922,75706
realec,PRON,3925,75797
realec,PRON,3928,75823
realec,PRON,3928,75826
realec,PRON,3928,75843
realec,PRON,3928,75852
realec,PRON,3937,76075
realec,PRON,3940,76142
realec,PRON,3972,77019
realec,PRON,3974,77055
realec,PRON,3979,77132
realec,PRON,4013,77895
realec,PRON,4043,78407
realec,PRON,4046,78439
bea,PUNCT,11,267
bea,PUNCT,12,299
bea,PUNCT,13,318
bea,PUNCT,16,388
bea,PUNCT,17,411
bea,PUNCT,17,436
bea,PUNCT,17,450
bea,PUNCT,17,467
bea,PUNCT,21,551
bea,PUNCT,21,565
bea,PUNCT,21,569
bea,PUNCT,21,575
bea,PUNCT,21,587
bea,PUNCT,21,592
bea,PUNCT,21,600
bea,PUNCT,27,705
bea,PUNCT,28,727
bea,PUNCT,29,747
bea,PUNCT,32,803
bea,PUNCT,38,913
bea,PUNCT,38,943
bea,PUNCT,39,954
bea,PUNCT,44,1014
bea,PUNCT,53,1187
bea,PUNCT,57,1232
bea,PUNCT,57,1255
bea,PUNCT,57,1261
bea,PUNCT,57,1263
bea,PUNCT,58,1290
bea,PUNCT,59,1308
bea,PUNCT,60,1336
bea,PUNCT,67,1504
bea,PUNCT,69,1542
bea,PUNCT,69,1550
bea,PUNCT,73,1642
bea,PUNCT,74,1664
bea,PUNCT,82,1871
bea,PUNCT,83,1879
bea,PUNCT,85,1903
bea,PUNCT,86,1936
bea,PUNCT,93,2189
bea,PUNCT,93,2192
bea,PUNCT,94,2215
bea,PUNCT,94,2218
bea,PUNCT,96,2240
bea,PUNCT,97,2256
bea,PUNCT,97,2264
bea,PUNCT,101,2364
bea,PUNCT,104,2404
bea,PUNCT,104,2408
bea,PUNCT,107,2511
bea,PUNCT,108,2550
bea,PUNCT,110,2608
bea,PUNCT,111,2629
bea,PUNCT,117,2739
bea,PUNCT,120,2820
bea,PUNCT,120,2835
bea,PUNCT,123,2859
bea,PUNCT,123,2882
bea,PUNCT,123,2891
bea,PUNCT,133,3074
bea,PUNCT,133,3077
bea,PUNCT,136,3144
bea,PUNCT,139,3204
bea,PUNCT,144,3328
bea,PUNCT,148,3416
bea,PUNCT,149,3443
bea,PUNCT,150,3463
bea,PUNCT,152,3526
bea,PUNCT,153,3560
bea,PUNCT,154,3615
bea,PUNCT,154,3627
bea,PUNCT,156,3746
bea,PUNCT,159,3864
bea,PUNCT,161,3904
bea,PUNCT,170,4120
bea,PUNCT,179,4318
bea,PUNCT,182,4404
bea,PUNCT,184,4449
bea,PUNCT,186,4482
bea,PUNCT,186,4493
bea,PUNCT,188,4508
bea,PUNCT,189,4526
bea,PUNCT,190,4554
bea,PUNCT,193,4621
bea,PUNCT,196,4692
bea,PUNCT,198,4716
bea,PUNCT,201,4792
bea,PUNCT,207,4921
bea,PUNCT,209,5008
bea,PUNCT,211,5053
bea,PUNCT,212,5125
bea,PUNCT,213,5149
bea,PUNCT,214,5168
bea,PUNCT,214,5189
bea,PUNCT,221,5391
bea,PUNCT,221,5394
bea,PUNCT,228,5487
bea,PUNCT,232,5564
bea,PUNCT,234,5582
bea,PUNCT,234,5584
bea,PUNCT,237,5631
bea,PUNCT,237,5650
bea,PUNCT,238,5708
bea,PUNCT,240,5760
bea,PUNCT,246,5828
bea,PUNCT,246,5845
bea,PUNCT,246,5853
bea,PUNCT,250,5894
bea,PUNCT,255,5936
bea,PUNCT,255,5947
bea,PUNCT,259,6009
bea,PUNCT,259,6012
bea,PUNCT,259,6016
bea,PUNCT,259,6019
bea,PUNCT,264,6093
bea,PUNCT,264,6095
bea,PUNCT,269,6142
bea,PUNCT,278,6271
bea,PUNCT,280,6326
bea,PUNCT,288,6480
bea,PUNCT,290,6528
bea,PUNCT,300,6675
bea,PUNCT,302,6693
bea,PUNCT,302,6711
bea,PUNCT,304,6731
bea,PUNCT,305,6739
bea,PUNCT,305,6750
bea,PUNCT,305,6756
bea,PUNCT,310,6836
bea,PUNCT,311,6865
bea,PUNCT,313,6908
bea,PUNCT,313,6926
bea,PUNCT,314,6936
bea,PUNCT,314,6941
bea,PUNCT,314,6946
bea,PUNCT,316,6980
bea,PUNCT,317,6982
bea,PUNCT,317,6984
bea,PUNCT,317,6986
bea,PUNCT,317,6988
bea,PUNCT,317,6997
bea,PUNCT,317,6998
bea,PUNCT,317,6999
bea,PUNCT,317,7002
bea,PUNCT,317,7004
bea,PUNCT,317,7007
bea,PUNCT,319,7023
bea,PUNCT,319,7024
bea,PUNCT,321,7053
bea,PUNCT,321,7057
bea,PUNCT,321,7061
bea,PUNCT,322,7098
bea,PUNCT,323,7112
bea,PUNCT,323,7119
bea,PUNCT,324,7168
bea,PUNCT,327,7213
bea,PUNCT,335,7311
bea,PUNCT,335,7313
bea,PUNCT,342,7473
bea,PUNCT,342,7485
bea,PUNCT,343,7516
bea,PUNCT,344,7539
bea,PUNCT,345,7558
bea,PUNCT,348,7597
fce,PUNCT,13,268
fce,PUNCT,16,342
fce,PUNCT,16,346
fce,PUNCT,18,379
fce,PUNCT,19,389
fce,PUNCT,22,450
fce,PUNCT,24,491
fce,PUNCT,28,554
fce,PUNCT,30,608
fce,PUNCT,30,617
fce,PUNCT,31,628
fce,PUNCT,43,922
fce,PUNCT,50,1082
fce,PUNCT,51,1094
fce,PUNCT,51,1097
fce,PUNCT,61,1323
fce,PUNCT,62,1355
fce,PUNCT,62,1357
fce,PUNCT,65,1450
fce,PUNCT,72,1564
fce,PUNCT,74,1597
fce,PUNCT,75,1617
fce,PUNCT,84,1787
fce,PUNCT,84,1823
fce,PUNCT,90,1986
fce,PUNCT,91,2004
fce,PUNCT,93,2069
fce,PUNCT,101,2254
fce,PUNCT,101,2273
fce,PUNCT,101,2275
fce,PUNCT,106,2371
fce,PUNCT,106,2377
fce,PUNCT,114,2550
fce,PUNCT,114,2555
fce,PUNCT,114,2558
fce,PUNCT,114,2562
fce,PUNCT,114,2565
fce,PUNCT,115,2601
fce,PUNCT,116,2649
fce,PUNCT,125,2925
fce,PUNCT,125,2929
fce,PUNCT,126,3031
fce,PUNCT,127,3132
fce,PUNCT,130,3236
fce,PUNCT,135,3339
fce,PUNCT,135,3341
fce,PUNCT,140,3435
fce,PUNCT,140,3452
fce,PUNCT,140,3461
fce,PUNCT,146,3609
fce,PUNCT,148,3659
fce,PUNCT,148,3660
fce,PUNCT,150,3683
fce,PUNCT,150,3690
fce,PUNCT,152,3707
fce,PUNCT,160,3847
fce,PUNCT,161,3878
fce,PUNCT,164,3931
fce,PUNCT,166,3976
fce,PUNCT,168,4006
fce,PUNCT,168,4008
fce,PUNCT,168,4020
fce,PUNCT,168,4028
fce,PUNCT,175,4192
fce,PUNCT,177,4235
fce,PUNCT,181,4308
fce,PUNCT,183,4385
fce,PUNCT,183,4400
fce,PUNCT,185,4477
fce,PUNCT,185,4480
fce,PUNCT,185,4481
fce,PUNCT,185,4489
fce,PUNCT,186,4507
fce,PUNCT,192,4602
fce,PUNCT,193,4625
realec,PUNCT,49,1065
realec,PUNCT,55,1265
realec,PUNCT,71,1728
realec,PUNCT,114,3003
realec,PUNCT,114,3022
realec,PUNCT,122,3235
realec,PUNCT,133,3681
realec,PUNCT,134,3750
realec,PUNCT,145,4204
realec,PUNCT,158,4581
realec,PUNCT,178,5329
realec,PUNCT,184,5515
realec,PUNCT,185,5569
realec,PUNCT,190,5723
realec,PUNCT,191,5749
realec,PUNCT,198,5959
realec,PUNCT,198,5966
realec,PUNCT,199,6068
realec,PUNCT,218,6623
realec,PUNCT,221,6702
realec,PUNCT,230,6936
realec,PUNCT,230,6937
realec,PUNCT,231,6952
realec,PUNCT,261,7752
realec,PUNCT,263,7793
realec,PUNCT,269,7950
realec,PUNCT,283,8341
realec,PUNCT,283,8348
realec,PUNCT,285,8374
realec,PUNCT,310,8785
realec,PUNCT,332,9166
realec,PUNCT,374,9910
realec,PUNCT,393,10282
realec,PUNCT,404,10541
realec,PUNCT,418,10790
realec,PUNCT,428,10963
realec,PUNCT,528,13223
realec,PUNCT,536,13535
realec,PUNCT,537,13545
realec,PUNCT,547,13924
realec,PUNCT,549,14063
realec,PUNCT,551,14168
realec,PUNCT,557,14454
realec,PUNCT,561,14553
realec,PUNCT,562,14592
realec,PUNCT,562,14608
realec,PUNCT,572,14943
realec,PUNCT,584,15336
realec,PUNCT,586,15376
realec,PUNCT,595,15681
realec,PUNCT,599,15790
realec,PUNCT,599,15826
realec,PUNCT,599,15828
realec,PUNCT,601,15913
realec,PUNCT,603,15947
realec,PUNCT,608,16195
realec,PUNCT,612,16314
realec,PUNCT,612,16322
realec,PUNCT,613,16352
realec,PUNCT,615,16393
realec,PUNCT,615,16407
realec,PUNCT,621,16643
realec,PUNCT,626,16858
realec,PUNCT,627,16912
realec,PUNCT,631,17106
realec,PUNCT,632,17155
realec,PUNCT,643,17482
realec,PUNCT,649,17761
realec,PUNCT,656,17948
realec,PUNCT,669,18377
realec,PUNCT,677,18615
realec,PUNCT,679,18651
realec,PUNCT,689,18991
realec,PUNCT,689,19014
realec,PUNCT,693,19138
realec,PUNCT,693,19154
realec,PUNCT,697,19211
realec,PUNCT,697,19222
realec,PUNCT,698,19236
realec,PUNCT,712,19571
realec,PUNCT,717,19700
realec,PUNCT,760,20263
realec,PUNCT,761,20279
realec,PUNCT,772,20477
realec,PUNCT,776,20572
realec,PUNCT,786,20698
realec,PUNCT,847,21257
realec,PUNCT,851,21371
realec,PUNCT,852,21385
realec,PUNCT,854,21425
realec,PUNCT,880,22000
realec,PUNCT,882,22058
realec,PUNCT,891,22252
realec,PUNCT,891,22253
realec,PUNCT,891,22256
realec,PUNCT,892,22265
realec,PUNCT,905,22489
realec,PUNCT,1099,24868
realec,PUNCT,1187,26178
realec,PUNCT,1188,26217
realec,PUNCT,1188,26245
realec,PUNCT,1221,26691
realec,PUNCT,1221,26692
realec,PUNCT,1222,26718
realec,PUNCT,1235,26998
realec,PUNCT,1244,27284
realec,PUNCT,1277,27519
realec,PUNCT,1305,27940
realec,PUNCT,1315,28138
realec,PUNCT,1319,28192
realec,PUNCT,1321,28267
realec,PUNCT,1321,28284
realec,PUNCT,1326,28404
realec,PUNCT,1327,28418
realec,PUNCT,1328,28453
realec,PUNCT,1331,28495
realec,PUNCT,1332,28555
realec,PUNCT,1335,28616
realec,PUNCT,1337,28640
realec,PUNCT,1361,29040
realec,PUNCT,1361,29050
realec,PUNCT,1383,29763
realec,PUNCT,1387,29897
realec,PUNCT,1399,30222
realec,PUNCT,1401,30317
realec,PUNCT,1408,30515
realec,PUNCT,1436,31014
realec,PUNCT,1441,31117
realec,PUNCT,1465,31440
realec,PUNCT,1481,31599
realec,PUNCT,1500,31959
realec,PUNCT,1528,32581
realec,PUNCT,1542,33002
realec,PUNCT,1542,33008
realec,PUNCT,1548,33135
realec,PUNCT,1571,33844
realec,PUNCT,1577,33961
realec,PUNCT,1596,34216
realec,PUNCT,1602,34394
realec,PUNCT,1602,34413
realec,PUNCT,1603,34434
realec,PUNCT,1603,34435
realec,PUNCT,1603,34436
realec,PUNCT,1610,34627
realec,PUNCT,1627,35090
realec,PUNCT,1630,35150
realec,PUNCT,1631,35161
realec,PUNCT,1638,35283
realec,PUNCT,1660,35677
realec,PUNCT,1660,35681
realec,PUNCT,1668,35912
realec,PUNCT,1689,36393
realec,PUNCT,1716,37148
realec,PUNCT,1718,37199
realec,PUNCT,1732,37367
realec,PUNCT,1746,37664
realec,PUNCT,1762,37913
realec,PUNCT,1775,38112
realec,PUNCT,1821,38700
realec,PUNCT,1825,38769
realec,PUNCT,1871,39245
realec,PUNCT,1875,39278
realec,PUNCT,1898,39643
realec,PUNCT,1899,39646
realec,PUNCT,1915,39793
realec,PUNCT,2039,41158
realec,PUNCT,2057,41365
realec,PUNCT,2107,41945
realec,PUNCT,2107,41948
realec,PUNCT,2378,43034
realec,PUNCT,2396,43286
realec,PUNCT,2445,43975
realec,PUNCT,2447,44000
realec,PUNCT,2473,44360
realec,PUNCT,2541,45347
realec,PUNCT,2554,45805
realec,PUNCT,2554,45827
realec,PUNCT,2582,46604
realec,PUNCT,2584,46623
realec,PUNCT,2584,46683
realec,PUNCT,2623,47708
realec,PUNCT,2625,47791
realec,PUNCT,2628,47859
realec,PUNCT,2647,48302
realec,PUNCT,2683,49087
realec,PUNCT,2686,49120
realec,PUNCT,2701,49340
realec,PUNCT,2747,49996
realec,PUNCT,2781,50791
realec,PUNCT,2811,51466
realec,PUNCT,2811,51469
realec,PUNCT,2828,51907
realec,PUNCT,2844,52326
realec,PUNCT,2860,52630
realec,PUNCT,2869,52807
realec,PUNCT,2909,53371
realec,PUNCT,2912,53435
realec,PUNCT,2930,53684
realec,PUNCT,2960,54194
realec,PUNCT,2978,54478
realec,PUNCT,2985,54617
realec,PUNCT,3034,55431
realec,PUNCT,3065,56013
realec,PUNCT,3066,56083
realec,PUNCT,3067,56130
realec,PUNCT,3103,56843
realec,PUNCT,3163,57857
realec,PUNCT,3202,58802
realec,PUNCT,3215,59144
realec,PUNCT,3295,61142
realec,PUNCT,3344,62650
realec,PUNCT,3365,63259
realec,PUNCT,3391,63942
realec,PUNCT,3402,64203
realec,PUNCT,3411,64422
realec,PUNCT,3422,64751
realec,PUNCT,3422,64753
realec,PUNCT,3437,65302
realec,PUNCT,3468,66103
realec,PUNCT,3472,66211
realec,PUNCT,3485,66473
realec,PUNCT,3523,67417
realec,PUNCT,3532,67683
realec,PUNCT,3540,67830
realec,PUNCT,3556,68076
realec,PUNCT,3569,68291
realec,PUNCT,3579,68600
realec,PUNCT,3590,68753
realec,PUNCT,3590,68765
realec,PUNCT,3590,68781
realec,PUNCT,3591,68827
realec,PUNCT,3613,69351
realec,PUNCT,3613,69355
realec,PUNCT,3618,69500
realec,PUNCT,3622,69649
realec,PUNCT,3645,70179
realec,PUNCT,3726,71548
realec,PUNCT,3726,71549
realec,PUNCT,3736,71768
realec,PUNCT,3784,72851
realec,PUNCT,3810,73381
realec,PUNCT,3825,73594
realec,PUNCT,3833,73722
realec,PUNCT,3839,73826
realec,PUNCT,3844,73921
realec,PUNCT,3846,73972
realec,PUNCT,3849,74036
realec,PUNCT,3853,74123
realec,PUNCT,3867,74445
realec,PUNCT,3877,74565
realec,PUNCT,3887,74805
realec,PUNCT,3888,74844
realec,PUNCT,3911,75464
realec,PUNCT,3919,75643
realec,PUNCT,3923,75751
realec,PUNCT,3929,75861
realec,PUNCT,3942,76172
realec,PUNCT,3979,77142
realec,PUNCT,4035,78234
realec,PUNCT,4044,78418
bea,VERB:TENSE,17,409
bea,VERB:TENSE,20,527
bea,VERB:TENSE,21,547
bea,VERB:TENSE,22,607
bea,VERB:TENSE,24,619
bea,VERB:TENSE,25,677
bea,VERB:TENSE,25,692
bea,VERB:TENSE,27,704
bea,VERB:TENSE,27,707
bea,VERB:TENSE,27,713
bea,VERB:TENSE,27,716
bea,VERB:TENSE,28,723
bea,VERB:TENSE,30,767
bea,VERB:TENSE,39,958
bea,VERB:TENSE,43,996
bea,VERB:TENSE,44,1029
bea,VERB:TENSE,45,1035
bea,VERB:TENSE,53,1171
bea,VERB:TENSE,55,1214
bea,VERB:TENSE,57,1242
bea,VERB:TENSE,61,1356
bea,VERB:TENSE,61,1365
bea,VERB:TENSE,61,1369
bea,VERB:TENSE,63,1380
bea,VERB:TENSE,65,1420
bea,VERB:TENSE,65,1435
bea,VERB:TENSE,66,1466
bea,VERB:TENSE,67,1502
bea,VERB:TENSE,70,1581
bea,VERB:TENSE,71,1591
bea,VERB:TENSE,78,1767
bea,VERB:TENSE,78,1771
bea,VERB:TENSE,79,1790
bea,VERB:TENSE,79,1799
bea,VERB:TENSE,79,1806
bea,VERB:TENSE,82,1862
bea,VERB:TENSE,84,1882
bea,VERB:TENSE,84,1888
bea,VERB:TENSE,87,1974
bea,VERB:TENSE,87,1997
bea,VERB:TENSE,87,2011
bea,VERB:TENSE,87,2012
bea,VERB:TENSE,87,2014
bea,VERB:TENSE,88,2033
bea,VERB:TENSE,89,2049
bea,VERB:TENSE,90,2091
bea,VERB:TENSE,93,2173
bea,VERB:TENSE,93,2179
bea,VERB:TENSE,94,2220
bea,VERB:TENSE,95,2227
bea,VERB:TENSE,95,2230
bea,VERB:TENSE,96,2239
bea,VERB:TENSE,96,2248
bea,VERB:TENSE,96,2251
bea,VERB:TENSE,99,2326
bea,VERB:TENSE,99,2327
bea,VERB:TENSE,99,2335
bea,VERB:TENSE,104,2412
bea,VERB:TENSE,105,2426
bea,VERB:TENSE,105,2440
bea,VERB:TENSE,105,2450
bea,VERB:TENSE,108,2555
bea,VERB:TENSE,108,2561
bea,VERB:TENSE,108,2565
bea,VERB:TENSE,108,2566
bea,VERB:TENSE,112,2633
bea,VERB:TENSE,112,2642
bea,VERB:TENSE,114,2671
bea,VERB:TENSE,116,2697
bea,VERB:TENSE,116,2708
bea,VERB:TENSE,117,2731
bea,VERB:TENSE,117,2734
bea,VERB:TENSE,118,2760
bea,VERB:TENSE,119,2768
bea,VERB:TENSE,122,2850
bea,VERB:TENSE,123,2887
bea,VERB:TENSE,126,2950
bea,VERB:TENSE,126,2952
bea,VERB:TENSE,132,3048
bea,VERB:TENSE,134,3091
bea,VERB:TENSE,134,3101
bea,VERB:TENSE,134,3102
bea,VERB:TENSE,134,3104
bea,VERB:TENSE,134,3105
bea,VERB:TENSE,135,3113
bea,VERB:TENSE,139,3193
bea,VERB:TENSE,140,3228
bea,VERB:TENSE,141,3241
bea,VERB:TENSE,142,3264
bea,VERB:TENSE,142,3267
bea,VERB:TENSE,143,3306
bea,VERB:TENSE,144,3321
bea,VERB:TENSE,144,3325
bea,VERB:TENSE,145,3334
bea,VERB:TENSE,146,3375
bea,VERB:TENSE,148,3394
bea,VERB:TENSE,148,3424
bea,VERB:TENSE,151,3473
bea,VERB:TENSE,151,3482
bea,VERB:TENSE,151,3508
bea,VERB:TENSE,152,3529
bea,VERB:TENSE,153,3570
bea,VERB:TENSE,155,3709
bea,VERB:TENSE,155,3734
bea,VERB:TENSE,156,3802
bea,VERB:TENSE,159,3859
bea,VERB:TENSE,160,3883
bea,VERB:TENSE,160,3886
bea,VERB:TENSE,166,4038
bea,VERB:TENSE,166,4040
bea,VERB:TENSE,168,4061
bea,VERB:TENSE,171,4138
bea,VERB:TENSE,171,4148
bea,VERB:TENSE,172,4158
bea,VERB:TENSE,172,4164
bea,VERB:TENSE,174,4199
bea,VERB:TENSE,176,4238
bea,VERB:TENSE,176,4254
bea,VERB:TENSE,176,4255
bea,VERB:TENSE,176,4259
bea,VERB:TENSE,176,4262
bea,VERB:TENSE,178,4295
bea,VERB:TENSE,178,4300
bea,VERB:TENSE,182,4370
bea,VERB:TENSE,182,4405
bea,VERB:TENSE,182,4406
bea,VERB:TENSE,182,4418
bea,VERB:TENSE,188,4517
bea,VERB:TENSE,188,4519
bea,VERB:TENSE,189,4533
bea,VERB:TENSE,190,4556
bea,VERB:TENSE,190,4560
bea,VERB:TENSE,195,4658
bea,VERB:TENSE,195,4669
bea,VERB:TENSE,198,4714
bea,VERB:TENSE,200,4746
bea,VERB:TENSE,201,4810
bea,VERB:TENSE,202,4821
bea,VERB:TENSE,202,4822
bea,VERB:TENSE,202,4855
bea,VERB:TENSE,203,4867
bea,VERB:TENSE,207,4940
bea,VERB:TENSE,208,4967
bea,VERB:TENSE,208,4968
bea,VERB:TENSE,208,4976
bea,VERB:TENSE,208,4978
bea,VERB:TENSE,209,4988
bea,VERB:TENSE,211,5032
bea,VERB:TENSE,211,5034
bea,VERB:TENSE,211,5041
bea,VERB:TENSE,211,5043
bea,VERB:TENSE,211,5046
bea,VERB:TENSE,211,5049
bea,VERB:TENSE,211,5063
bea,VERB:TENSE,213,5165
bea,VERB:TENSE,214,5172
bea,VERB:TENSE,214,5195
bea,VERB:TENSE,216,5255
bea,VERB:TENSE,217,5262
bea,VERB:TENSE,217,5266
bea,VERB:TENSE,220,5373
bea,VERB:TENSE,221,5387
bea,VERB:TENSE,225,5454
bea,VERB:TENSE,228,5490
bea,VERB:TENSE,232,5552
bea,VERB:TENSE,234,5578
bea,VERB:TENSE,237,5658
bea,VERB:TENSE,237,5665
bea,VERB:TENSE,239,5738
bea,VERB:TENSE,239,5739
bea,VERB:TENSE,239,5740
bea,VERB:TENSE,239,5750
bea,VERB:TENSE,254,5926
bea,VERB:TENSE,255,5940
bea,VERB:TENSE,258,5993
bea,VERB:TENSE,263,6067
bea,VERB:TENSE,264,6084
bea,VERB:TENSE,264,6094
bea,VERB:TENSE,264,6097
bea,VERB:TENSE,268,6126
bea,VERB:TENSE,269,6137
bea,VERB:TENSE,278,6276
bea,VERB:TENSE,284,6403
bea,VERB:TENSE,287,6446
bea,VERB:TENSE,287,6457
bea,VERB:TENSE,287,6459
bea,VERB:TENSE,287,6463
bea,VERB:TENSE,288,6477
bea,VERB:TENSE,293,6545
bea,VERB:TENSE,293,6559
bea,VERB:TENSE,295,6576
bea,VERB:TENSE,295,6578
bea,VERB:TENSE,295,6581
bea,VERB:TENSE,295,6586
bea,VERB:TENSE,297,6627
bea,VERB:TENSE,298,6636
bea,VERB:TENSE,317,6996
bea,VERB:TENSE,322,7079
bea,VERB:TENSE,323,7117
bea,VERB:TENSE,329,7241
bea,VERB:TENSE,332,7291
bea,VERB:TENSE,343,7489
bea,VERB:TENSE,343,7491
bea,VERB:TENSE,343,7501
bea,VERB:TENSE,343,7502
bea,VERB:TENSE,345,7559
bea,VERB:TENSE,346,7568
fce,VERB:TENSE,23,468
fce,VERB:TENSE,24,479
fce,VERB:TENSE,27,535
fce,VERB:TENSE,28,563
fce,VERB:TENSE,28,566
fce,VERB:TENSE,29,592
fce,VERB:TENSE,29,593
fce,VERB:TENSE,32,652
fce,VERB:TENSE,32,654
fce,VERB:TENSE,35,754
fce,VERB:TENSE,38,811
fce,VERB:TENSE,39,826
fce,VERB:TENSE,39,832
fce,VERB:TENSE,42,900
fce,VERB:TENSE,43,925
fce,VERB:TENSE,44,935
fce,VERB:TENSE,44,936
fce,VERB:TENSE,45,982
fce,VERB:TENSE,46,1002
fce,VERB:TENSE,47,1033
fce,VERB:TENSE,51,1089
fce,VERB:TENSE,51,1096
fce,VERB:TENSE,52,1122
fce,VERB:TENSE,54,1172
fce,VERB:TENSE,56,1196
fce,VERB:TENSE,56,1198
fce,VERB:TENSE,56,1201
fce,VERB:TENSE,56,1203
fce,VERB:TENSE,56,1205
fce,VERB:TENSE,57,1216
fce,VERB:TENSE,57,1224
fce,VERB:TENSE,58,1229
fce,VERB:TENSE,59,1274
fce,VERB:TENSE,60,1298
fce,VERB:TENSE,60,1306
fce,VERB:TENSE,61,1311
fce,VERB:TENSE,61,1320
fce,VERB:TENSE,63,1403
fce,VERB:TENSE,65,1455
fce,VERB:TENSE,65,1462
fce,VERB:TENSE,68,1499
fce,VERB:TENSE,68,1500
fce,VERB:TENSE,69,1515
fce,VERB:TENSE,71,1539
fce,VERB:TENSE,71,1545
fce,VERB:TENSE,73,1581
fce,VERB:TENSE,76,1636
fce,VERB:TENSE,76,1638
fce,VERB:TENSE,76,1646
fce,VERB:TENSE,79,1673
fce,VERB:TENSE,81,1740
fce,VERB:TENSE,83,1770
fce,VERB:TENSE,84,1783
fce,VERB:TENSE,84,1789
fce,VERB:TENSE,85,1846
fce,VERB:TENSE,86,1888
fce,VERB:TENSE,87,1922
fce,VERB:TENSE,88,1929
fce,VERB:TENSE,90,1978
fce,VERB:TENSE,90,1982
fce,VERB:TENSE,91,2019
fce,VERB:TENSE,94,2076
fce,VERB:TENSE,94,2084
fce,VERB:TENSE,95,2112
fce,VERB:TENSE,98,2172
fce,VERB:TENSE,98,2178
fce,VERB:TENSE,99,2185
fce,VERB:TENSE,99,2187
fce,VERB:TENSE,99,2191
fce,VERB:TENSE,99,2192
fce,VERB:TENSE,100,2228
fce,VERB:TENSE,101,2267
fce,VERB:TENSE,108,2429
fce,VERB:TENSE,112,2521
fce,VERB:TENSE,115,2587
fce,VERB:TENSE,115,2591
fce,VERB:TENSE,115,2603
fce,VERB:TENSE,115,2624
fce,VERB:TENSE,118,2711
fce,VERB:TENSE,122,2812
fce,VERB:TENSE,123,2875
fce,VERB:TENSE,126,2944
fce,VERB:TENSE,126,2970
fce,VERB:TENSE,126,2993
fce,VERB:TENSE,126,3013
fce,VERB:TENSE,129,3192
fce,VERB:TENSE,130,3219
fce,VERB:TENSE,134,3309
fce,VERB:TENSE,140,3455
fce,VERB:TENSE,144,3568
fce,VERB:TENSE,145,3584
fce,VERB:TENSE,145,3594
fce,VERB:TENSE,145,3607
fce,VERB:TENSE,147,3646
fce,VERB:TENSE,147,3651
fce,VERB:TENSE,156,3774
fce,VERB:TENSE,158,3803
fce,VERB:TENSE,160,3840
fce,VERB:TENSE,160,3848
fce,VERB:TENSE,163,3905
fce,VERB:TENSE,163,3906
fce,VERB:TENSE,163,3910
fce,VERB:TENSE,163,3921
fce,VERB:TENSE,168,4013
fce,VERB:TENSE,172,4115
fce,VERB:TENSE,172,4119
fce,VERB:TENSE,173,4138
fce,VERB:TENSE,173,4139
fce,VERB:TENSE,175,4188
fce,VERB:TENSE,181,4321
fce,VERB:TENSE,183,4376
fce,VERB:TENSE,184,4455
fce,VERB:TENSE,185,4482
fce,VERB:TENSE,187,4530
fce,VERB:TENSE,192,4603
fce,VERB:TENSE,192,4606
realec,VERB:TENSE,37,605
realec,VERB:TENSE,37,620
realec,VERB:TENSE,43,851
realec,VERB:TENSE,46,942
realec,VERB:TENSE,53,1197
realec,VERB:TENSE,65,1577
realec,VERB:TENSE,70,1701
realec,VERB:TENSE,70,1703
realec,VERB:TENSE,77,1960
realec,VERB:TENSE,78,1983
realec,VERB:TENSE,79,2036
realec,VERB:TENSE,81,2088
realec,VERB:TENSE,91,2310
realec,VERB:TENSE,97,2472
realec,VERB:TENSE,97,2475
realec,VERB:TENSE,98,2507
realec,VERB:TENSE,100,2590
realec,VERB:TENSE,113,2948
realec,VERB:TENSE,125,3392
realec,VERB:TENSE,127,3423
realec,VERB:TENSE,128,3467
realec,VERB:TENSE,129,3512
realec,VERB:TENSE,132,3626
realec,VERB:TENSE,138,3908
realec,VERB:TENSE,142,4075
realec,VERB:TENSE,147,4255
realec,VERB:TENSE,149,4266
realec,VERB:TENSE,149,4269
realec,VERB:TENSE,157,4521
realec,VERB:TENSE,162,4797
realec,VERB:TENSE,163,4852
realec,VERB:TENSE,169,5030
realec,VERB:TENSE,175,5190
realec,VERB:TENSE,188,5659
realec,VERB:TENSE,191,5763
realec,VERB:TENSE,197,5936
realec,VERB:TENSE,199,6060
realec,VERB:TENSE,201,6119
realec,VERB:TENSE,204,6234
realec,VERB:TENSE,206,6305
realec,VERB:TENSE,206,6323
realec,VERB:TENSE,208,6393
realec,VERB:TENSE,212,6479
realec,VERB:TENSE,212,6486
realec,VERB:TENSE,218,6617
realec,VERB:TENSE,224,6774
realec,VERB:TENSE,239,7156
realec,VERB:TENSE,243,7237
realec,VERB:TENSE,243,7248
realec,VERB:TENSE,249,7433
realec,VERB:TENSE,258,7671
realec,VERB:TENSE,265,7845
realec,VERB:TENSE,266,7862
realec,VERB:TENSE,266,7866
realec,VERB:TENSE,267,7889
realec,VERB:TENSE,272,8049
realec,VERB:TENSE,272,8064
realec,VERB:TENSE,272,8072
realec,VERB:TENSE,274,8112
realec,VERB:TENSE,275,8150
realec,VERB:TENSE,282,8300
realec,VERB:TENSE,286,8397
realec,VERB:TENSE,288,8459
realec,VERB:TENSE,358,9655
realec,VERB:TENSE,367,9827
realec,VERB:TENSE,399,10382
realec,VERB:TENSE,399,10383
realec,VERB:TENSE,399,10404
realec,VERB:TENSE,403,10514
realec,VERB:TENSE,426,10925
realec,VERB:TENSE,431,11044
realec,VERB:TENSE,433,11068
realec,VERB:TENSE,449,11382
realec,VERB:TENSE,455,11494
realec,VERB:TENSE,471,11911
realec,VERB:TENSE,483,12174
realec,VERB:TENSE,486,12233
realec,VERB:TENSE,490,12324
realec,VERB:TENSE,490,12329
realec,VERB:TENSE,490,12340
realec,VERB:TENSE,494,12436
realec,VERB:TENSE,496,12487
realec,VERB:TENSE,505,12707
realec,VERB:TENSE,508,12759
realec,VERB:TENSE,524,13104
realec,VERB:TENSE,531,13335
realec,VERB:TENSE,561,14561
realec,VERB:TENSE,563,14646
realec,VERB:TENSE,567,14832
realec,VERB:TENSE,574,15037
realec,VERB:TENSE,575,15072
realec,VERB:TENSE,585,15364
realec,VERB:TENSE,586,15384
realec,VERB:TENSE,591,15523
realec,VERB:TENSE,602,15935
realec,VERB:TENSE,627,16975
realec,VERB:TENSE,638,17285
realec,VERB:TENSE,638,17289
realec,VERB:TENSE,640,17340
realec,VERB:TENSE,645,17639
realec,VERB:TENSE,664,18168
realec,VERB:TENSE,667,18280
realec,VERB:TENSE,675,18569
realec,VERB:TENSE,693,19125
realec,VERB:TENSE,702,19349
realec,VERB:TENSE,707,19454
realec,VERB:TENSE,714,19626
realec,VERB:TENSE,728,19886
realec,VERB:TENSE,732,19937
realec,VERB:TENSE,750,20162
realec,VERB:TENSE,751,20182
realec,VERB:TENSE,786,20691
realec,VERB:TENSE,838,21169
realec,VERB:TENSE,838,21172
realec,VERB:TENSE,849,21316
realec,VERB:TENSE,850,21339
realec,VERB:TENSE,863,21553
realec,VERB:TENSE,869,21698
realec,VERB:TENSE,869,21699
realec,VERB:TENSE,869,21703
realec,VERB:TENSE,869,21725
realec,VERB:TENSE,869,21731
realec,VERB:TENSE,870,21753
realec,VERB:TENSE,871,21801
realec,VERB:TENSE,871,21808
realec,VERB:TENSE,873,21845
realec,VERB:TENSE,873,21847
realec,VERB:TENSE,873,21850
realec,VERB:TENSE,873,21853
realec,VERB:TENSE,873,21854
realec,VERB:TENSE,882,22046
realec,VERB:TENSE,893,22295
realec,VERB:TENSE,902,22430
realec,VERB:TENSE,922,22741
realec,VERB:TENSE,934,22846
realec,VERB:TENSE,944,22921
realec,VERB:TENSE,1014,23209
realec,VERB:TENSE,1056,23801
realec,VERB:TENSE,1057,23813
realec,VERB:TENSE,1063,23905
realec,VERB:TENSE,1068,23966
realec,VERB:TENSE,1085,24342
realec,VERB:TENSE,1088,24432
realec,VERB:TENSE,1088,24433
realec,VERB:TENSE,1092,24559
realec,VERB:TENSE,1103,24966
realec,VERB:TENSE,1110,25073
realec,VERB:TENSE,1128,25215
realec,VERB:TENSE,1128,25237
realec,VERB:TENSE,1163,25648
realec,VERB:TENSE,1163,25651
realec,VERB:TENSE,1164,25674
realec,VERB:TENSE,1166,25715
realec,VERB:TENSE,1209,26529
realec,VERB:TENSE,1222,26714
realec,VERB:TENSE,1276,27497
realec,VERB:TENSE,1305,27942
realec,VERB:TENSE,1306,27951
realec,VERB:TENSE,1315,28130
realec,VERB:TENSE,1319,28191
realec,VERB:TENSE,1320,28247
realec,VERB:TENSE,1323,28343
realec,VERB:TENSE,1331,28528
realec,VERB:TENSE,1370,29306
realec,VERB:TENSE,1371,29355
realec,VERB:TENSE,1373,29435
realec,VERB:TENSE,1378,29581
realec,VERB:TENSE,1398,30185
realec,VERB:TENSE,1398,30191
realec,VERB:TENSE,1400,30287
realec,VERB:TENSE,1404,30360
realec,VERB:TENSE,1410,30574
realec,VERB:TENSE,1430,30874
realec,VERB:TENSE,1433,30922
realec,VERB:TENSE,1434,30965
realec,VERB:TENSE,1436,31013
realec,VERB:TENSE,1438,31068
realec,VERB:TENSE,1480,31563
realec,VERB:TENSE,1481,31596
realec,VERB:TENSE,1483,31653
realec,VERB:TENSE,1483,31654
realec,VERB:TENSE,1496,31883
realec,VERB:TENSE,1502,31983
realec,VERB:TENSE,1505,32041
realec,VERB:TENSE,1505,32047
realec,VERB:TENSE,1511,32184
realec,VERB:TENSE,1511,32192
realec,VERB:TENSE,1515,32267
realec,VERB:TENSE,1515,32270
realec,VERB:TENSE,1515,32296
realec,VERB:TENSE,1517,32335
realec,VERB:TENSE,1517,32346
realec,VERB:TENSE,1520,32414
realec,VERB:TENSE,1522,32460
realec,VERB:TENSE,1536,32791
realec,VERB:TENSE,1544,33070
realec,VERB:TENSE,1553,33239
realec,VERB:TENSE,1553,33251
realec,VERB:TENSE,1555,33309
realec,VERB:TENSE,1559,33478
realec,VERB:TENSE,1559,33480
realec,VERB:TENSE,1570,33809
realec,VERB:TENSE,1597,34246
realec,VERB:TENSE,1600,34352
realec,VERB:TENSE,1605,34475
realec,VERB:TENSE,1610,34643
realec,VERB:TENSE,1611,34660
realec,VERB:TENSE,1611,34661
realec,VERB:TENSE,1617,34843
realec,VERB:TENSE,1618,34864
realec,VERB:TENSE,1621,34932
realec,VERB:TENSE,1623,35007
realec,VERB:TENSE,1629,35119
realec,VERB:TENSE,1633,35216
realec,VERB:TENSE,1634,35222
realec,VERB:TENSE,1639,35306
realec,VERB:TENSE,1640,35331
realec,VERB:TENSE,1641,35354
realec,VERB:TENSE,1641,35359
realec,VERB:TENSE,1643,35388
realec,VERB:TENSE,1643,35391
realec,VERB:TENSE,1643,35394
realec,VERB:TENSE,1643,35398
realec,VERB:TENSE,1647,35429
realec,VERB:TENSE,1655,35594
realec,VERB:TENSE,1656,35609
realec,VERB:TENSE,1658,35650
realec,VERB:TENSE,1661,35697
realec,VERB:TENSE,1665,35773
realec,VERB:TENSE,1665,35783
realec,VERB:TENSE,1699,36661
realec,VERB:TENSE,1706,36820
realec,VERB:TENSE,1709,36943
realec,VERB:TENSE,1735,37462
realec,VERB:TENSE,1740,37547
realec,VERB:TENSE,1740,37551
realec,VERB:TENSE,1740,37552
realec,VERB:TENSE,1742,37590
realec,VERB:TENSE,1744,37638
realec,VERB:TENSE,1754,37763
realec,VERB:TENSE,1755,37772
realec,VERB:TENSE,1757,37811
realec,VERB:TENSE,1758,37831
realec,VERB:TENSE,1760,37861
realec,VERB:TENSE,1760,37870
realec,VERB:TENSE,1762,37894
realec,VERB:TENSE,1784,38179
realec,VERB:TENSE,1785,38197
realec,VERB:TENSE,1794,38292
realec,VERB:TENSE,1794,38294
realec,VERB:TENSE,1798,38339
realec,VERB:TENSE,1800,38359
realec,VERB:TENSE,1801,38377
realec,VERB:TENSE,1810,38532
realec,VERB:TENSE,1811,38536
realec,VERB:TENSE,1815,38638
realec,VERB:TENSE,1819,38682
realec,VERB:TENSE,1822,38719
realec,VERB:TENSE,1826,38783
realec,VERB:TENSE,1829,38828
realec,VERB:TENSE,1834,38888
realec,VERB:TENSE,1834,38889
realec,VERB:TENSE,1834,38892
realec,VERB:TENSE,1853,39061
realec,VERB:TENSE,1860,39103
realec,VERB:TENSE,1860,39107
realec,VERB:TENSE,1865,39154
realec,VERB:TENSE,1866,39173
realec,VERB:TENSE,1870,39215
realec,VERB:TENSE,1870,39228
realec,VERB:TENSE,1878,39324
realec,VERB:TENSE,1878,39326
realec,VERB:TENSE,1878,39328
realec,VERB:TENSE,1879,39336
realec,VERB:TENSE,1883,39394
realec,VERB:TENSE,1886,39473
realec,VERB:TENSE,1886,39479
realec,VERB:TENSE,1886,39480
realec,VERB:TENSE,1886,39483
realec,VERB:TENSE,1926,39918
realec,VERB:TENSE,1926,39919
realec,VERB:TENSE,1929,39973
realec,VERB:TENSE,1956,40362
realec,VERB:TENSE,2085,41642
realec,VERB:TENSE,2407,43504
realec,VERB:TENSE,2421,43699
realec,VERB:TENSE,2424,43732
realec,VERB:TENSE,2445,43960
realec,VERB:TENSE,2489,44545
realec,VERB:TENSE,2495,44651
realec,VERB:TENSE,2526,45069
realec,VERB:TENSE,2538,45224
realec,VERB:TENSE,2539,45273
realec,VERB:TENSE,2552,45756
realec,VERB:TENSE,2555,45864
realec,VERB:TENSE,2558,45923
realec,VERB:TENSE,2561,46005
realec,VERB:TENSE,2587,46762
realec,VERB:TENSE,2594,46962
realec,VERB:TENSE,2595,47009
realec,VERB:TENSE,2616,47467
realec,VERB:TENSE,2619,47552
realec,VERB:TENSE,2625,47780
realec,VERB:TENSE,2625,47782
realec,VERB:TENSE,2637,48150
realec,VERB:TENSE,2652,48563
realec,VERB:TENSE,2653,48577
realec,VERB:TENSE,2680,49046
realec,VERB:TENSE,2692,49174
realec,VERB:TENSE,2702,49386
realec,VERB:TENSE,2706,49415
realec,VERB:TENSE,2708,49452
realec,VERB:TENSE,2708,49453
realec,VERB:TENSE,2722,49576
realec,VERB:TENSE,2724,49614
realec,VERB:TENSE,2738,49852
realec,VERB:TENSE,2742,49898
realec,VERB:TENSE,2743,49916
realec,VERB:TENSE,2744,49932
realec,VERB:TENSE,2756,50132
realec,VERB:TENSE,2759,50228
realec,VERB:TENSE,2760,50263
realec,VERB:TENSE,2782,50813
realec,VERB:TENSE,2791,51053
realec,VERB:TENSE,2796,51163
realec,VERB:TENSE,2799,51209
realec,VERB:TENSE,2804,51296
realec,VERB:TENSE,2806,51364
realec,VERB:TENSE,2809,51422
realec,VERB:TENSE,2832,52017
realec,VERB:TENSE,2836,52112
realec,VERB:TENSE,2837,52197
realec,VERB:TENSE,2859,52612
realec,VERB:TENSE,2862,52684
realec,VERB:TENSE,2897,53210
realec,VERB:TENSE,2898,53237
realec,VERB:TENSE,2911,53415
realec,VERB:TENSE,2928,53651
realec,VERB:TENSE,2935,53760
realec,VERB:TENSE,2951,53977
realec,VERB:TENSE,2951,53978
realec,VERB:TENSE,2957,54137
realec,VERB:TENSE,2958,54160
realec,VERB:TENSE,2961,54215
realec,VERB:TENSE,2970,54353
realec,VERB:TENSE,2972,54418
realec,VERB:TENSE,2973,54420
realec,VERB:TENSE,2973,54421
realec,VERB:TENSE,2973,54423
realec,VERB:TENSE,2973,54426
realec,VERB:TENSE,2974,54439
realec,VERB:TENSE,2977,54465
realec,VERB:TENSE,2980,54530
realec,VERB:TENSE,2981,54537
realec,VERB:TENSE,2981,54538
realec,VERB:TENSE,2981,54547
realec,VERB:TENSE,2987,54639
realec,VERB:TENSE,2987,54642
realec,VERB:TENSE,2987,54655
realec,VERB:TENSE,2993,54720
realec,VERB:TENSE,2999,54844
realec,VERB:TENSE,3005,54981
realec,VERB:TENSE,3009,55054
realec,VERB:TENSE,3011,55073
realec,VERB:TENSE,3011,55078
realec,VERB:TENSE,3017,55168
realec,VERB:TENSE,3019,55193
realec,VERB:TENSE,3027,55309
realec,VERB:TENSE,3033,55412
realec,VERB:TENSE,3045,55680
realec,VERB:TENSE,3056,55779
realec,VERB:TENSE,3056,55790
realec,VERB:TENSE,3058,55833
realec,VERB:TENSE,3058,55835
realec,VERB:TENSE,3062,55904
realec,VERB:TENSE,3066,56068
realec,VERB:TENSE,3068,56165
realec,VERB:TENSE,3068,56180
realec,VERB:TENSE,3069,56212
realec,VERB:TENSE,3070,56228
realec,VERB:TENSE,3070,56240
realec,VERB:TENSE,3074,56296
realec,VERB:TENSE,3085,56514
realec,VERB:TENSE,3098,56711
realec,VERB:TENSE,3098,56717
realec,VERB:TENSE,3127,57180
realec,VERB:TENSE,3131,57224
realec,VERB:TENSE,3132,57226
realec,VERB:TENSE,3138,57295
realec,VERB:TENSE,3139,57301
realec,VERB:TENSE,3160,57786
realec,VERB:TENSE,3162,57826
realec,VERB:TENSE,3162,57844
realec,VERB:TENSE,3164,57867
realec,VERB:TENSE,3164,57880
realec,VERB:TENSE,3166,57920
realec,VERB:TENSE,3166,57923
realec,VERB:TENSE,3172,58098
realec,VERB:TENSE,3175,58219
realec,VERB:TENSE,3178,58253
realec,VERB:TENSE,3178,58262
realec,VERB:TENSE,3178,58264
realec,VERB:TENSE,3180,58278
realec,VERB:TENSE,3180,58285
realec,VERB:TENSE,3192,58496
realec,VERB:TENSE,3192,58513
realec,VERB:TENSE,3194,58594
realec,VERB:TENSE,3196,58633
realec,VERB:TENSE,3200,58709
realec,VERB:TENSE,3201,58738
realec,VERB:TENSE,3202,58798
realec,VERB:TENSE,3203,58823
realec,VERB:TENSE,3207,58974
realec,VERB:TENSE,3215,59157
realec,VERB:TENSE,3217,59214
realec,VERB:TENSE,3234,59588
realec,VERB:TENSE,3237,59649
realec,VERB:TENSE,3252,59993
realec,VERB:TENSE,3252,60013
realec,VERB:TENSE,3252,60014
realec,VERB:TENSE,3255,60084
realec,VERB:TENSE,3257,60106
realec,VERB:TENSE,3259,60131
realec,VERB:TENSE,3259,60136
realec,VERB:TENSE,3259,60162
realec,VERB:TENSE,3261,60228
realec,VERB:TENSE,3261,60230
realec,VERB:TENSE,3261,60239
realec,VERB:TENSE,3262,60270
realec,VERB:TENSE,3263,60316
realec,VERB:TENSE,3266,60462
realec,VERB:TENSE,3267,60490
realec,VERB:TENSE,3267,60508
realec,VERB:TENSE,3279,60719
realec,VERB:TENSE,3281,60738
realec,VERB:TENSE,3281,60752
realec,VERB:TENSE,3288,60928
realec,VERB:TENSE,3294,61127
realec,VERB:TENSE,3301,61347
realec,VERB:TENSE,3301,61387
realec,VERB:TENSE,3304,61456
realec,VERB:TENSE,3315,61707
realec,VERB:TENSE,3317,61796
realec,VERB:TENSE,3319,61870
realec,VERB:TENSE,3319,61875
realec,VERB:TENSE,3323,61974
realec,VERB:TENSE,3323,61995
realec,VERB:TENSE,3327,62039
realec,VERB:TENSE,3329,62097
realec,VERB:TENSE,3329,62101
realec,VERB:TENSE,3329,62125
realec,VERB:TENSE,3330,62205
realec,VERB:TENSE,3331,62234
realec,VERB:TENSE,3340,62552
realec,VERB:TENSE,3344,62655
realec,VERB:TENSE,3352,62879
realec,VERB:TENSE,3367,63328
realec,VERB:TENSE,3377,63613
realec,VERB:TENSE,3389,63882
realec,VERB:TENSE,3391,63943
realec,VERB:TENSE,3401,64173
realec,VERB:TENSE,3411,64419
realec,VERB:TENSE,3414,64504
realec,VERB:TENSE,3420,64704
realec,VERB:TENSE,3422,64757
realec,VERB:TENSE,3423,64786
realec,VERB:TENSE,3423,64800
realec,VERB:TENSE,3425,64869
realec,VERB:TENSE,3428,64982
realec,VERB:TENSE,3432,65139
realec,VERB:TENSE,3458,65831
realec,VERB:TENSE,3466,66053
realec,VERB:TENSE,3467,66063
realec,VERB:TENSE,3467,66090
realec,VERB:TENSE,3469,66157
realec,VERB:TENSE,3470,66172
realec,VERB:TENSE,3471,66182
realec,VERB:TENSE,3472,66204
realec,VERB:TENSE,3488,66529
realec,VERB:TENSE,3494,66645
realec,VERB:TENSE,3496,66685
realec,VERB:TENSE,3496,66691
realec,VERB:TENSE,3496,66695
realec,VERB:TENSE,3500,66780
realec,VERB:TENSE,3506,66890
realec,VERB:TENSE,3507,66919
realec,VERB:TENSE,3508,66953
realec,VERB:TENSE,3516,67210
realec,VERB:TENSE,3518,67274
realec,VERB:TENSE,3524,67432
realec,VERB:TENSE,3530,67643
realec,VERB:TENSE,3536,67775
realec,VERB:TENSE,3538,67793
realec,VERB:TENSE,3540,67819
realec,VERB:TENSE,3542,67904
realec,VERB:TENSE,3542,67908
realec,VERB:TENSE,3550,67991
realec,VERB:TENSE,3551,68010
realec,VERB:TENSE,3560,68130
realec,VERB:TENSE,3562,68153
realec,VERB:TENSE,3571,68347
realec,VERB:TENSE,3572,68371
realec,VERB:TENSE,3576,68504
realec,VERB:TENSE,3577,68548
realec,VERB:TENSE,3578,68579
realec,VERB:TENSE,3592,68835
realec,VERB:TENSE,3596,68922
realec,VERB:TENSE,3597,68926
realec,VERB:TENSE,3614,69377
realec,VERB:TENSE,3614,69379
realec,VERB:TENSE,3614,69382
realec,VERB:TENSE,3614,69384
realec,VERB:TENSE,3614,69398
realec,VERB:TENSE,3620,69569
realec,VERB:TENSE,3620,69578
realec,VERB:TENSE,3625,69724
realec,VERB:TENSE,3626,69753
realec,VERB:TENSE,3628,69856
realec,VERB:TENSE,3653,70294
realec,VERB:TENSE,3657,70391
realec,VERB:TENSE,3681,70797
realec,VERB:TENSE,3690,70874
realec,VERB:TENSE,3733,71669
realec,VERB:TENSE,3737,71786
realec,VERB:TENSE,3737,71787
realec,VERB:TENSE,3739,71833
realec,VERB:TENSE,3754,72217
realec,VERB:TENSE,3755,72251
realec,VERB:TENSE,3757,72298
realec,VERB:TENSE,3759,72362
realec,VERB:TENSE,3768,72553
realec,VERB:TENSE,3777,72699
realec,VERB:TENSE,3783,72808
realec,VERB:TENSE,3783,72815
realec,VERB:TENSE,3784,72835
realec,VERB:TENSE,3789,72941
realec,VERB:TENSE,3789,72956
realec,VERB:TENSE,3791,72992
realec,VERB:TENSE,3791,72997
realec,VERB:TENSE,3809,73287
realec,VERB:TENSE,3809,73294
realec,VERB:TENSE,3809,73326
realec,VERB:TENSE,3827,73620
realec,VERB:TENSE,3829,73674
realec,VERB:TENSE,3840,73837
realec,VERB:TENSE,3842,73894
realec,VERB:TENSE,3877,74560
realec,VERB:TENSE,3880,74668
realec,VERB:TENSE,3889,74875
realec,VERB:TENSE,3889,74877
realec,VERB:TENSE,3897,75092
realec,VERB:TENSE,3903,75248
realec,VERB:TENSE,3907,75341
realec,VERB:TENSE,3916,75571
realec,VERB:TENSE,3917,75601
realec,VERB:TENSE,3919,75636
realec,VERB:TENSE,3921,75676
realec,VERB:TENSE,3929,75856
realec,VERB:TENSE,3931,75953
realec,VERB:TENSE,3935,76022
realec,VERB:TENSE,3939,76107
realec,VERB:TENSE,3941,76147
realec,VERB:TENSE,3941,76156
realec,VERB:TENSE,3945,76250
realec,VERB:TENSE,3947,76316
realec,VERB:TENSE,3947,76329
realec,VERB:TENSE,3950,76419
realec,VERB:TENSE,3951,76475
realec,VERB:TENSE,3961,76697
realec,VERB:TENSE,3967,76856
realec,VERB:TENSE,3969,76931
realec,VERB:TENSE,3971,76990
realec,VERB:TENSE,3974,77052
realec,VERB:TENSE,3974,77054
realec,VERB:TENSE,4011,77852
realec,VERB:TENSE,4037,78282
realec,VERB:TENSE,4075,79041
bea,WO,21,584
bea,WO,30,768
bea,WO,32,796
bea,WO,37,876
bea,WO,51,1136
bea,WO,52,1153
bea,WO,54,1208
bea,WO,67,1501
bea,WO,81,1847
bea,WO,89,2065
bea,WO,91,2105
bea,WO,94,2212
bea,WO,108,2551
bea,WO,109,2602
bea,WO,117,2753
bea,WO,123,2867
bea,WO,123,2892
bea,WO,125,2942
bea,WO,128,2968
bea,WO,128,2987
bea,WO,133,3078
bea,WO,136,3145
bea,WO,138,3175
bea,WO,146,3370
bea,WO,149,3436
bea,WO,150,3462
bea,WO,154,3589
bea,WO,154,3597
bea,WO,159,3861
bea,WO,163,3937
bea,WO,165,3992
bea,WO,176,4234
bea,WO,176,4242
bea,WO,192,4600
bea,WO,195,4673
bea,WO,212,5091
bea,WO,216,5248
bea,WO,217,5284
bea,WO,229,5509
bea,WO,229,5518
bea,WO,232,5551
bea,WO,248,5882
bea,WO,250,5898
bea,WO,259,6017
bea,WO,263,6061
bea,WO,324,7138
bea,WO,340,7399
conll,WO,163,209
conll,WO,195,242
conll,WO,215,263
fce,WO,2,37
fce,WO,4,119
fce,WO,17,355
fce,WO,19,396
fce,WO,21,431
fce,WO,24,477
fce,WO,25,498
fce,WO,29,574
fce,WO,46,999
fce,WO,47,1041
fce,WO,53,1139
fce,WO,53,1140
fce,WO,71,1544
fce,WO,73,1576
fce,WO,79,1678
fce,WO,80,1683
fce,WO,82,1765
fce,WO,84,1806
fce,WO,85,1842
fce,WO,88,1927
fce,WO,108,2437
fce,WO,115,2585
fce,WO,116,2652
fce,WO,117,2686
fce,WO,117,2708
fce,WO,123,2854
fce,WO,125,2911
fce,WO,125,2916
fce,WO,138,3407
fce,WO,139,3426
fce,WO,142,3524
fce,WO,144,3582
fce,WO,152,3698
fce,WO,155,3748
fce,WO,159,3823
fce,WO,160,3845
fce,WO,161,3873
fce,WO,162,3893
fce,WO,166,3968
fce,WO,170,4075
fce,WO,172,4114
fce,WO,174,4155
fce,WO,178,4252
fce,WO,182,4334
fce,WO,184,4417
fce,WO,184,4423
fce,WO,192,4601
realec,WO,37,586
realec,WO,37,610
realec,WO,38,703
realec,WO,48,1026
realec,WO,48,1039
realec,WO,53,1182
realec,WO,55,1277
realec,WO,56,1297
realec,WO,57,1325
realec,WO,60,1406
realec,WO,60,1412
realec,WO,79,2024
realec,WO,92,2331
realec,WO,98,2529
realec,WO,100,2579
realec,WO,113,2923
realec,WO,114,2983
realec,WO,117,3124
realec,WO,118,3158
realec,WO,124,3314
realec,WO,131,3607
realec,WO,132,3654
realec,WO,134,3729
realec,WO,155,4466
realec,WO,158,4585
realec,WO,159,4652
realec,WO,161,4742
realec,WO,167,4945
realec,WO,180,5411
realec,WO,185,5596
realec,WO,187,5637
realec,WO,203,6217
realec,WO,204,6244
realec,WO,204,6250
realec,WO,206,6299
realec,WO,206,6301
realec,WO,206,6306
realec,WO,206,6311
realec,WO,236,7084
realec,WO,241,7171
realec,WO,247,7362
realec,WO,249,7417
realec,WO,249,7421
realec,WO,255,7581
realec,WO,261,7733
realec,WO,262,7763
realec,WO,272,8047
realec,WO,284,8369
realec,WO,335,9224
realec,WO,341,9336
realec,WO,347,9411
realec,WO,354,9578
realec,WO,372,9882
realec,WO,376,9960
realec,WO,384,10064
realec,WO,384,10081
realec,WO,393,10289
realec,WO,396,10315
realec,WO,398,10378
realec,WO,401,10437
realec,WO,401,10465
realec,WO,456,11512
realec,WO,461,11710
realec,WO,468,11842
realec,WO,472,11918
realec,WO,484,12187
realec,WO,487,12241
realec,WO,500,12535
realec,WO,500,12541
realec,WO,501,12592
realec,WO,520,13025
realec,WO,530,13294
realec,WO,536,13509
realec,WO,536,13512
realec,WO,536,13515
realec,WO,536,13524
realec,WO,537,13569
realec,WO,538,13587
realec,WO,541,13718
realec,WO,560,14478
realec,WO,562,14610
realec,WO,572,14935
realec,WO,572,14975
realec,WO,592,15572
realec,WO,594,15639
realec,WO,604,15989
realec,WO,608,16171
realec,WO,618,16493
realec,WO,619,16533
realec,WO,630,17085
realec,WO,656,17936
realec,WO,666,18210
realec,WO,671,18424
realec,WO,680,18677
realec,WO,686,18876
realec,WO,714,19628
realec,WO,757,20245
realec,WO,761,20280
realec,WO,761,20294
realec,WO,781,20648
realec,WO,797,20908
realec,WO,826,21059
realec,WO,847,21238
realec,WO,852,21380
realec,WO,854,21429
realec,WO,864,21615
realec,WO,873,21852
realec,WO,885,22141
realec,WO,907,22557
realec,WO,1035,23460
realec,WO,1051,23698
realec,WO,1063,23902
realec,WO,1075,24142
realec,WO,1086,24396
realec,WO,1092,24560
realec,WO,1104,24982
realec,WO,1135,25362
realec,WO,1135,25370
realec,WO,1154,25516
realec,WO,1156,25536
realec,WO,1163,25646
realec,WO,1164,25673
realec,WO,1174,25817
realec,WO,1182,26007
realec,WO,1185,26080
realec,WO,1207,26459
realec,WO,1210,26576
realec,WO,1276,27493
realec,WO,1293,27766
realec,WO,1298,27850
realec,WO,1300,27881
realec,WO,1331,28513
realec,WO,1331,28514
realec,WO,1333,28573
realec,WO,1376,29505
realec,WO,1376,29522
realec,WO,1381,29684
realec,WO,1385,29791
realec,WO,1387,29895
realec,WO,1393,30063
realec,WO,1398,30203
realec,WO,1426,30767
realec,WO,1457,31328
realec,WO,1498,31924
realec,WO,1501,31974
realec,WO,1510,32150
realec,WO,1516,32321
realec,WO,1519,32378
realec,WO,1520,32400
realec,WO,1536,32788
realec,WO,1545,33074
realec,WO,1548,33123
realec,WO,1549,33140
realec,WO,1553,33261
realec,WO,1580,34044
realec,WO,1598,34272
realec,WO,1634,35228
realec,WO,1635,35239
realec,WO,1662,35713
realec,WO,1673,36035
realec,WO,1678,36135
realec,WO,1741,37564
realec,WO,1742,37575
realec,WO,1749,37699
realec,WO,1755,37789
realec,WO,1762,37895
realec,WO,1762,37896
realec,WO,1762,37897
realec,WO,1762,37902
realec,WO,1762,37904
realec,WO,1762,37905
realec,WO,1762,37915
realec,WO,1769,38034
realec,WO,1770,38064
realec,WO,1770,38068
realec,WO,1778,38127
realec,WO,1780,38133
realec,WO,1780,38135
realec,WO,1780,38138
realec,WO,1780,38139
realec,WO,1786,38215
realec,WO,1788,38239
realec,WO,1788,38251
realec,WO,1790,38258
realec,WO,1794,38286
realec,WO,1844,38975
realec,WO,1850,39021
realec,WO,1850,39032
realec,WO,1850,39034
realec,WO,1852,39055
realec,WO,1864,39136
realec,WO,1865,39155
realec,WO,1866,39177
realec,WO,1866,39181
realec,WO,1872,39252
realec,WO,1883,39393
realec,WO,1883,39402
realec,WO,1884,39419
realec,WO,1914,39781
realec,WO,1920,39840
realec,WO,1922,39855
realec,WO,1926,39924
realec,WO,1936,40096
realec,WO,1940,40167
realec,WO,1943,40209
realec,WO,1944,40215
realec,WO,1950,40283
realec,WO,1972,40488
realec,WO,1972,40489
realec,WO,1972,40495
realec,WO,1972,40496
realec,WO,1972,40500
realec,WO,1972,40501
realec,WO,1972,40504
realec,WO,1972,40509
realec,WO,1972,40511
realec,WO,2009,40872
realec,WO,2013,40926
realec,WO,2016,40954
realec,WO,2038,41154
realec,WO,2045,41205
realec,WO,2052,41282
realec,WO,2054,41324
realec,WO,2060,41397
realec,WO,2066,41443
realec,WO,2066,41444
realec,WO,2066,41445
realec,WO,2068,41459
realec,WO,2068,41464
realec,WO,2068,41466
realec,WO,2068,41469
realec,WO,2068,41470
realec,WO,2085,41660
realec,WO,2086,41681
realec,WO,2088,41708
realec,WO,2101,41800
realec,WO,2135,42133
realec,WO,2431,43822
realec,WO,2439,43884
realec,WO,2471,44306
realec,WO,2487,44524
realec,WO,2490,44557
realec,WO,2490,44558
realec,WO,2500,44702
realec,WO,2503,44751
realec,WO,2517,44953
realec,WO,2538,45225
realec,WO,2546,45538
realec,WO,2555,45865
realec,WO,2579,46530
realec,WO,2594,46950
realec,WO,2609,47342
realec,WO,2620,47562
realec,WO,2624,47752
realec,WO,2648,48327
realec,WO,2649,48354
realec,WO,2678,49028
realec,WO,2737,49826
realec,WO,2749,50015
realec,WO,2755,50118
realec,WO,2756,50128
realec,WO,2763,50381
realec,WO,2767,50436
realec,WO,2771,50518
realec,WO,2812,51523
realec,WO,2816,51580
realec,WO,2818,51644
realec,WO,2819,51703
realec,WO,2837,52198
realec,WO,2858,52587
realec,WO,2863,52689
realec,WO,2878,52945
realec,WO,2901,53281
realec,WO,2956,54119
realec,WO,2986,54633
realec,WO,2999,54833
realec,WO,2999,54839
realec,WO,3006,54987
realec,WO,3008,55027
realec,WO,3027,55307
realec,WO,3045,55683
realec,WO,3064,55976
realec,WO,3084,56507
realec,WO,3093,56624
realec,WO,3097,56672
realec,WO,3112,56986
realec,WO,3117,57065
realec,WO,3145,57389
realec,WO,3148,57423
realec,WO,3148,57432
realec,WO,3165,57897
realec,WO,3173,58132
realec,WO,3189,58460
realec,WO,3190,58472
realec,WO,3192,58521
realec,WO,3203,58820
realec,WO,3203,58822
realec,WO,3207,58936
realec,WO,3217,59192
realec,WO,3217,59215
realec,WO,3227,59399
realec,WO,3231,59518
realec,WO,3239,59699
realec,WO,3254,60057
realec,WO,3258,60119
realec,WO,3260,60188
realec,WO,3266,60461
realec,WO,3270,60580
realec,WO,3272,60606
realec,WO,3277,60672
realec,WO,3286,60878
realec,WO,3303,61439
realec,WO,3308,61564
realec,WO,3309,61575
realec,WO,3310,61594
realec,WO,3319,61881
realec,WO,3346,62744
realec,WO,3347,62746
realec,WO,3358,63081
realec,WO,3359,63085
realec,WO,3365,63270
realec,WO,3369,63401
realec,WO,3373,63542
realec,WO,3373,63551
realec,WO,3373,63561
realec,WO,3377,63614
realec,WO,3378,63648
realec,WO,3391,63944
realec,WO,3397,64081
realec,WO,3400,64142
realec,WO,3406,64268
realec,WO,3406,64274
realec,WO,3409,64377
realec,WO,3414,64509
realec,WO,3415,64594
realec,WO,3419,64684
realec,WO,3424,64840
realec,WO,3429,65022
realec,WO,3435,65224
realec,WO,3435,65227
realec,WO,3438,65335
realec,WO,3448,65671
realec,WO,3453,65736
realec,WO,3465,66027
realec,WO,3470,66160
realec,WO,3471,66175
realec,WO,3484,66455
realec,WO,3489,66552
realec,WO,3494,66641
realec,WO,3505,66874
realec,WO,3506,66889
realec,WO,3507,66924
realec,WO,3514,67127
realec,WO,3515,67159
realec,WO,3520,67328
realec,WO,3521,67331
realec,WO,3521,67350
realec,WO,3523,67429
realec,WO,3530,67631
realec,WO,3547,67951
realec,WO,3561,68139
realec,WO,3572,68392
realec,WO,3587,68694
realec,WO,3599,69002
realec,WO,3632,69947
realec,WO,3635,70003
realec,WO,3636,70040
realec,WO,3636,70043
realec,WO,3637,70048
realec,WO,3644,70141
realec,WO,3649,70228
realec,WO,3679,70764
realec,WO,3679,70774
realec,WO,3680,70787
realec,WO,3681,70789
realec,WO,3682,70810
realec,WO,3687,70846
realec,WO,3700,71004
realec,WO,3706,71123
realec,WO,3720,71434
realec,WO,3734,71690
realec,WO,3746,71954
realec,WO,3762,72421
realec,WO,3777,72702
realec,WO,3784,72836
realec,WO,3800,73137
realec,WO,3800,73145
realec,WO,3800,73160
realec,WO,3823,73558
realec,WO,3867,74446
realec,WO,3885,74758
realec,WO,3890,74920
realec,WO,3897,75093
realec,WO,3917,75603
realec,WO,3922,75709
realec,WO,3937,76047
realec,WO,3960,76671
realec,WO,3961,76725
realec,WO,3965,76791
realec,WO,3979,77133
realec,WO,3980,77171
realec,WO,3993,77464
realec,WO,4029,78164
